"industry","year","month","total_sales"
"Automotive",2010,1,"184064"
"Automotive",2010,2,"190554"
"Automotive",2010,3,"247908"
"Automotive",2010,4,"234756"
"Automotive",2010,5,"238892"
"Automotive",2010,6,"235548"
"Automotive",2010,7,"245772"
"Automotive",2010,8,"242440"
"Automotive",2010,9,"226470"
"Automotive",2010,10,"225750"
"Automotive",2010,11,"216494"
"Automotive",2010,12,"239538"
"Fashion & Accessories",2010,1,"35016"
"Fashion & Accessories",2010,2,"38931"
"Fashion & Accessories",2010,3,"46320"
"Fashion & Accessories",2010,4,"45585"
"Fashion & Accessories",2010,5,"47113"
"Fashion & Accessories",2010,6,"43041"
"Fashion & Accessories",2010,7,"44800"
"Fashion & Accessories",2010,8,"47356"
"Fashion & Accessories",2010,9,"43169"
"Fashion & Accessories",2010,10,"46381"
"Fashion & Accessories",2010,11,"53311"
"Fashion & Accessories",2010,12,"74868"
"Food & Beverage",2010,1,"162291"
"Food & Beverage",2010,2,"153910"
"Food & Beverage",2010,3,"166165"
"Food & Beverage",2010,4,"162300"
"Food & Beverage",2010,5,"171658"
"Food & Beverage",2010,6,"164906"
"Food & Beverage",2010,7,"171101"
"Food & Beverage",2010,8,"167173"
"Food & Beverage",2010,9,"162361"
"Food & Beverage",2010,10,"167578"
"Food & Beverage",2010,11,"170449"
"Food & Beverage",2010,12,"188788"
"Fuel & Gasoline",2010,1,"38888"
"Fuel & Gasoline",2010,2,"36035"
"Fuel & Gasoline",2010,3,"40554"
"Fuel & Gasoline",2010,4,"40755"
"Fuel & Gasoline",2010,5,"41242"
"Fuel & Gasoline",2010,6,"40228"
"Fuel & Gasoline",2010,7,"40932"
"Fuel & Gasoline",2010,8,"40523"
"Fuel & Gasoline",2010,9,"39406"
"Fuel & Gasoline",2010,10,"41139"
"Fuel & Gasoline",2010,11,"40296"
"Fuel & Gasoline",2010,12,"43875"
"General Merchandise",2010,1,"103388"
"General Merchandise",2010,2,"106010"
"General Merchandise",2010,3,"116074"
"General Merchandise",2010,4,"113897"
"General Merchandise",2010,5,"120151"
"General Merchandise",2010,6,"115033"
"General Merchandise",2010,7,"115293"
"General Merchandise",2010,8,"117362"
"General Merchandise",2010,9,"108862"
"General Merchandise",2010,10,"116737"
"General Merchandise",2010,11,"134299"
"General Merchandise",2010,12,"176172"
"Health & Personal Care",2010,1,"38595"
"Health & Personal Care",2010,2,"37289"
"Health & Personal Care",2010,3,"41688"
"Health & Personal Care",2010,4,"39811"
"Health & Personal Care",2010,5,"39630"
"Health & Personal Care",2010,6,"39838"
"Health & Personal Care",2010,7,"39512"
"Health & Personal Care",2010,8,"39929"
"Health & Personal Care",2010,9,"39421"
"Health & Personal Care",2010,10,"40407"
"Health & Personal Care",2010,11,"40593"
"Health & Personal Care",2010,12,"45952"
"Home Goods & Building Supplies",2010,1,"30824"
"Home Goods & Building Supplies",2010,2,"30930"
"Home Goods & Building Supplies",2010,3,"42882"
"Home Goods & Building Supplies",2010,4,"50892"
"Home Goods & Building Supplies",2010,5,"50661"
"Home Goods & Building Supplies",2010,6,"49608"
"Home Goods & Building Supplies",2010,7,"45792"
"Home Goods & Building Supplies",2010,8,"43333"
"Home Goods & Building Supplies",2010,9,"42367"
"Home Goods & Building Supplies",2010,10,"43074"
"Home Goods & Building Supplies",2010,11,"42445"
"Home Goods & Building Supplies",2010,12,"40148"
"Home Goods & Electronics",2010,1,"64010"
"Home Goods & Electronics",2010,2,"63937"
"Home Goods & Electronics",2010,3,"69837"
"Home Goods & Electronics",2010,4,"65018"
"Home Goods & Electronics",2010,5,"66526"
"Home Goods & Electronics",2010,6,"68715"
"Home Goods & Electronics",2010,7,"68669"
"Home Goods & Electronics",2010,8,"71245"
"Home Goods & Electronics",2010,9,"68667"
"Home Goods & Electronics",2010,10,"66720"
"Home Goods & Electronics",2010,11,"80147"
"Home Goods & Electronics",2010,12,"101820"
"Miscellaneous",2010,1,"35431"
"Miscellaneous",2010,2,"33971"
"Miscellaneous",2010,3,"38239"
"Miscellaneous",2010,4,"35689"
"Miscellaneous",2010,5,"35547"
"Miscellaneous",2010,6,"36888"
"Miscellaneous",2010,7,"34905"
"Miscellaneous",2010,8,"36938"
"Miscellaneous",2010,9,"36976"
"Miscellaneous",2010,10,"37809"
"Miscellaneous",2010,11,"41629"
"Miscellaneous",2010,12,"52969"
"Office Supplies & Gifts",2010,1,"5268"
"Office Supplies & Gifts",2010,2,"5060"
"Office Supplies & Gifts",2010,3,"5394"
"Office Supplies & Gifts",2010,4,"5124"
"Office Supplies & Gifts",2010,5,"5346"
"Office Supplies & Gifts",2010,6,"5266"
"Office Supplies & Gifts",2010,7,"5340"
"Office Supplies & Gifts",2010,8,"6198"
"Office Supplies & Gifts",2010,9,"5808"
"Office Supplies & Gifts",2010,10,"6044"
"Office Supplies & Gifts",2010,11,"5914"
"Office Supplies & Gifts",2010,12,"7858"
"Restaurants & Bars",2010,1,"98962"
"Restaurants & Bars",2010,2,"98003"
"Restaurants & Bars",2010,3,"109434"
"Restaurants & Bars",2010,4,"108649"
"Restaurants & Bars",2010,5,"112779"
"Restaurants & Bars",2010,6,"109319"
"Restaurants & Bars",2010,7,"114007"
"Restaurants & Bars",2010,8,"111809"
"Restaurants & Bars",2010,9,"104554"
"Restaurants & Bars",2010,10,"110134"
"Restaurants & Bars",2010,11,"103168"
"Restaurants & Bars",2010,12,"110214"
"Sports & Recreation",2010,1,"11728"
"Sports & Recreation",2010,2,"9251"
"Sports & Recreation",2010,3,"11260"
"Sports & Recreation",2010,4,"10583"
"Sports & Recreation",2010,5,"11014"
"Sports & Recreation",2010,6,"11700"
"Sports & Recreation",2010,7,"11438"
"Sports & Recreation",2010,8,"13976"
"Sports & Recreation",2010,9,"11421"
"Sports & Recreation",2010,10,"10436"
"Sports & Recreation",2010,11,"13073"
"Sports & Recreation",2010,12,"20797"
"Automotive",2011,1,"215192"
"Automotive",2011,2,"232376"
"Automotive",2011,3,"277562"
"Automotive",2011,4,"255530"
"Automotive",2011,5,"253630"
"Automotive",2011,6,"255884"
"Automotive",2011,7,"253468"
"Automotive",2011,8,"261304"
"Automotive",2011,9,"246398"
"Automotive",2011,10,"242992"
"Automotive",2011,11,"236320"
"Automotive",2011,12,"264230"
"Fashion & Accessories",2011,1,"36241"
"Fashion & Accessories",2011,2,"41737"
"Fashion & Accessories",2011,3,"48451"
"Fashion & Accessories",2011,4,"49455"
"Fashion & Accessories",2011,5,"49550"
"Fashion & Accessories",2011,6,"47203"
"Fashion & Accessories",2011,7,"47527"
"Fashion & Accessories",2011,8,"50579"
"Fashion & Accessories",2011,9,"47528"
"Fashion & Accessories",2011,10,"48515"
"Fashion & Accessories",2011,11,"55756"
"Fashion & Accessories",2011,12,"81320"
"Food & Beverage",2011,1,"166960"
"Food & Beverage",2011,2,"158229"
"Food & Beverage",2011,3,"172166"
"Food & Beverage",2011,4,"174504"
"Food & Beverage",2011,5,"177712"
"Food & Beverage",2011,6,"175750"
"Food & Beverage",2011,7,"180739"
"Food & Beverage",2011,8,"178114"
"Food & Beverage",2011,9,"171508"
"Food & Beverage",2011,10,"175947"
"Food & Beverage",2011,11,"179224"
"Food & Beverage",2011,12,"197866"
"Fuel & Gasoline",2011,1,"43393"
"Fuel & Gasoline",2011,2,"41353"
"Fuel & Gasoline",2011,3,"48421"
"Fuel & Gasoline",2011,4,"48771"
"Fuel & Gasoline",2011,5,"50680"
"Fuel & Gasoline",2011,6,"49783"
"Fuel & Gasoline",2011,7,"50286"
"Fuel & Gasoline",2011,8,"50686"
"Fuel & Gasoline",2011,9,"48038"
"Fuel & Gasoline",2011,10,"48182"
"Fuel & Gasoline",2011,11,"46467"
"Fuel & Gasoline",2011,12,"46866"
"General Merchandise",2011,1,"104115"
"General Merchandise",2011,2,"108456"
"General Merchandise",2011,3,"118008"
"General Merchandise",2011,4,"120008"
"General Merchandise",2011,5,"121952"
"General Merchandise",2011,6,"121158"
"General Merchandise",2011,7,"119611"
"General Merchandise",2011,8,"121558"
"General Merchandise",2011,9,"114392"
"General Merchandise",2011,10,"120562"
"General Merchandise",2011,11,"137567"
"General Merchandise",2011,12,"180568"
"Health & Personal Care",2011,1,"41373"
"Health & Personal Care",2011,2,"39401"
"Health & Personal Care",2011,3,"43665"
"Health & Personal Care",2011,4,"41190"
"Health & Personal Care",2011,5,"42271"
"Health & Personal Care",2011,6,"41462"
"Health & Personal Care",2011,7,"40405"
"Health & Personal Care",2011,8,"42463"
"Health & Personal Care",2011,9,"41018"
"Health & Personal Care",2011,10,"41812"
"Health & Personal Care",2011,11,"41429"
"Health & Personal Care",2011,12,"46372"
"Home Goods & Building Supplies",2011,1,"32101"
"Home Goods & Building Supplies",2011,2,"31971"
"Home Goods & Building Supplies",2011,3,"43120"
"Home Goods & Building Supplies",2011,4,"47139"
"Home Goods & Building Supplies",2011,5,"53223"
"Home Goods & Building Supplies",2011,6,"52338"
"Home Goods & Building Supplies",2011,7,"46916"
"Home Goods & Building Supplies",2011,8,"47538"
"Home Goods & Building Supplies",2011,9,"44970"
"Home Goods & Building Supplies",2011,10,"45514"
"Home Goods & Building Supplies",2011,11,"44148"
"Home Goods & Building Supplies",2011,12,"41615"
"Home Goods & Electronics",2011,1,"66284"
"Home Goods & Electronics",2011,2,"66017"
"Home Goods & Electronics",2011,3,"74114"
"Home Goods & Electronics",2011,4,"67557"
"Home Goods & Electronics",2011,5,"70401"
"Home Goods & Electronics",2011,6,"71013"
"Home Goods & Electronics",2011,7,"70649"
"Home Goods & Electronics",2011,8,"76318"
"Home Goods & Electronics",2011,9,"72411"
"Home Goods & Electronics",2011,10,"71815"
"Home Goods & Electronics",2011,11,"87324"
"Home Goods & Electronics",2011,12,"108324"
"Miscellaneous",2011,1,"39082"
"Miscellaneous",2011,2,"37643"
"Miscellaneous",2011,3,"41576"
"Miscellaneous",2011,4,"38115"
"Miscellaneous",2011,5,"39723"
"Miscellaneous",2011,6,"39619"
"Miscellaneous",2011,7,"37228"
"Miscellaneous",2011,8,"41231"
"Miscellaneous",2011,9,"39931"
"Miscellaneous",2011,10,"41173"
"Miscellaneous",2011,11,"46523"
"Miscellaneous",2011,12,"56149"
"Office Supplies & Gifts",2011,1,"5082"
"Office Supplies & Gifts",2011,2,"5228"
"Office Supplies & Gifts",2011,3,"5360"
"Office Supplies & Gifts",2011,4,"5096"
"Office Supplies & Gifts",2011,5,"5580"
"Office Supplies & Gifts",2011,6,"5260"
"Office Supplies & Gifts",2011,7,"5230"
"Office Supplies & Gifts",2011,8,"6230"
"Office Supplies & Gifts",2011,9,"5832"
"Office Supplies & Gifts",2011,10,"5900"
"Office Supplies & Gifts",2011,11,"5656"
"Office Supplies & Gifts",2011,12,"7712"
"Restaurants & Bars",2011,1,"102992"
"Restaurants & Bars",2011,2,"103914"
"Restaurants & Bars",2011,3,"116865"
"Restaurants & Bars",2011,4,"115415"
"Restaurants & Bars",2011,5,"119101"
"Restaurants & Bars",2011,6,"116618"
"Restaurants & Bars",2011,7,"120708"
"Restaurants & Bars",2011,8,"118074"
"Restaurants & Bars",2011,9,"113364"
"Restaurants & Bars",2011,10,"116445"
"Restaurants & Bars",2011,11,"109448"
"Restaurants & Bars",2011,12,"119230"
"Sports & Recreation",2011,1,"11409"
"Sports & Recreation",2011,2,"9636"
"Sports & Recreation",2011,3,"11520"
"Sports & Recreation",2011,4,"11235"
"Sports & Recreation",2011,5,"11138"
"Sports & Recreation",2011,6,"11732"
"Sports & Recreation",2011,7,"11285"
"Sports & Recreation",2011,8,"14466"
"Sports & Recreation",2011,9,"11869"
"Sports & Recreation",2011,10,"10330"
"Sports & Recreation",2011,11,"12892"
"Sports & Recreation",2011,12,"19965"
"Automotive",2012,1,"230506"
"Automotive",2012,2,"261336"
"Automotive",2012,3,"299900"
"Automotive",2012,4,"270488"
"Automotive",2012,5,"293704"
"Automotive",2012,6,"278562"
"Automotive",2012,7,"277196"
"Automotive",2012,8,"298298"
"Automotive",2012,9,"264304"
"Automotive",2012,10,"267210"
"Automotive",2012,11,"258958"
"Automotive",2012,12,"278082"
"Fashion & Accessories",2012,1,"37888"
"Fashion & Accessories",2012,2,"46894"
"Fashion & Accessories",2012,3,"53712"
"Fashion & Accessories",2012,4,"49594"
"Fashion & Accessories",2012,5,"52785"
"Fashion & Accessories",2012,6,"49754"
"Fashion & Accessories",2012,7,"48541"
"Fashion & Accessories",2012,8,"54654"
"Fashion & Accessories",2012,9,"48669"
"Fashion & Accessories",2012,10,"50182"
"Fashion & Accessories",2012,11,"58594"
"Fashion & Accessories",2012,12,"81896"
"Food & Beverage",2012,1,"172047"
"Food & Beverage",2012,2,"170490"
"Food & Beverage",2012,3,"182422"
"Food & Beverage",2012,4,"176051"
"Food & Beverage",2012,5,"186376"
"Food & Beverage",2012,6,"182428"
"Food & Beverage",2012,7,"182417"
"Food & Beverage",2012,8,"185363"
"Food & Beverage",2012,9,"176415"
"Food & Beverage",2012,10,"180828"
"Food & Beverage",2012,11,"185560"
"Food & Beverage",2012,12,"201307"
"Fuel & Gasoline",2012,1,"45955"
"Fuel & Gasoline",2012,2,"46271"
"Fuel & Gasoline",2012,3,"51700"
"Fuel & Gasoline",2012,4,"50256"
"Fuel & Gasoline",2012,5,"51498"
"Fuel & Gasoline",2012,6,"48481"
"Fuel & Gasoline",2012,7,"48715"
"Fuel & Gasoline",2012,8,"52454"
"Fuel & Gasoline",2012,9,"49559"
"Fuel & Gasoline",2012,10,"52006"
"Fuel & Gasoline",2012,11,"48001"
"Fuel & Gasoline",2012,12,"46458"
"General Merchandise",2012,1,"106749"
"General Merchandise",2012,2,"116928"
"General Merchandise",2012,3,"125669"
"General Merchandise",2012,4,"119460"
"General Merchandise",2012,5,"125309"
"General Merchandise",2012,6,"123224"
"General Merchandise",2012,7,"119208"
"General Merchandise",2012,8,"126779"
"General Merchandise",2012,9,"116250"
"General Merchandise",2012,10,"121137"
"General Merchandise",2012,11,"140987"
"General Merchandise",2012,12,"178930"
"Health & Personal Care",2012,1,"42144"
"Health & Personal Care",2012,2,"41664"
"Health & Personal Care",2012,3,"43783"
"Health & Personal Care",2012,4,"41657"
"Health & Personal Care",2012,5,"43065"
"Health & Personal Care",2012,6,"40448"
"Health & Personal Care",2012,7,"40714"
"Health & Personal Care",2012,8,"42136"
"Health & Personal Care",2012,9,"39212"
"Health & Personal Care",2012,10,"42310"
"Health & Personal Care",2012,11,"41021"
"Health & Personal Care",2012,12,"45797"
"Home Goods & Building Supplies",2012,1,"35924"
"Home Goods & Building Supplies",2012,2,"36865"
"Home Goods & Building Supplies",2012,3,"47107"
"Home Goods & Building Supplies",2012,4,"49785"
"Home Goods & Building Supplies",2012,5,"56513"
"Home Goods & Building Supplies",2012,6,"50600"
"Home Goods & Building Supplies",2012,7,"47633"
"Home Goods & Building Supplies",2012,8,"48304"
"Home Goods & Building Supplies",2012,9,"44307"
"Home Goods & Building Supplies",2012,10,"48689"
"Home Goods & Building Supplies",2012,11,"46347"
"Home Goods & Building Supplies",2012,12,"41516"
"Home Goods & Electronics",2012,1,"71721"
"Home Goods & Electronics",2012,2,"73248"
"Home Goods & Electronics",2012,3,"78070"
"Home Goods & Electronics",2012,4,"69757"
"Home Goods & Electronics",2012,5,"76695"
"Home Goods & Electronics",2012,6,"74410"
"Home Goods & Electronics",2012,7,"75532"
"Home Goods & Electronics",2012,8,"80586"
"Home Goods & Electronics",2012,9,"74466"
"Home Goods & Electronics",2012,10,"75598"
"Home Goods & Electronics",2012,11,"92656"
"Home Goods & Electronics",2012,12,"112866"
"Miscellaneous",2012,1,"41669"
"Miscellaneous",2012,2,"41679"
"Miscellaneous",2012,3,"43585"
"Miscellaneous",2012,4,"40478"
"Miscellaneous",2012,5,"43605"
"Miscellaneous",2012,6,"41328"
"Miscellaneous",2012,7,"40905"
"Miscellaneous",2012,8,"44110"
"Miscellaneous",2012,9,"41205"
"Miscellaneous",2012,10,"45101"
"Miscellaneous",2012,11,"50198"
"Miscellaneous",2012,12,"59054"
"Office Supplies & Gifts",2012,1,"5294"
"Office Supplies & Gifts",2012,2,"5388"
"Office Supplies & Gifts",2012,3,"5286"
"Office Supplies & Gifts",2012,4,"4872"
"Office Supplies & Gifts",2012,5,"5574"
"Office Supplies & Gifts",2012,6,"5114"
"Office Supplies & Gifts",2012,7,"5186"
"Office Supplies & Gifts",2012,8,"6106"
"Office Supplies & Gifts",2012,9,"5288"
"Office Supplies & Gifts",2012,10,"5834"
"Office Supplies & Gifts",2012,11,"5554"
"Office Supplies & Gifts",2012,12,"7412"
"Restaurants & Bars",2012,1,"110338"
"Restaurants & Bars",2012,2,"113608"
"Restaurants & Bars",2012,3,"126746"
"Restaurants & Bars",2012,4,"120795"
"Restaurants & Bars",2012,5,"125493"
"Restaurants & Bars",2012,6,"124568"
"Restaurants & Bars",2012,7,"124371"
"Restaurants & Bars",2012,8,"125053"
"Restaurants & Bars",2012,9,"117887"
"Restaurants & Bars",2012,10,"119779"
"Restaurants & Bars",2012,11,"117240"
"Restaurants & Bars",2012,12,"126040"
"Sports & Recreation",2012,1,"11342"
"Sports & Recreation",2012,2,"10256"
"Sports & Recreation",2012,3,"12169"
"Sports & Recreation",2012,4,"11169"
"Sports & Recreation",2012,5,"11889"
"Sports & Recreation",2012,6,"12398"
"Sports & Recreation",2012,7,"11672"
"Sports & Recreation",2012,8,"14613"
"Sports & Recreation",2012,9,"11706"
"Sports & Recreation",2012,10,"10796"
"Sports & Recreation",2012,11,"13287"
"Sports & Recreation",2012,12,"20893"
"Automotive",2013,1,"258730"
"Automotive",2013,2,"272626"
"Automotive",2013,3,"310928"
"Automotive",2013,4,"301336"
"Automotive",2013,5,"320178"
"Automotive",2013,6,"305102"
"Automotive",2013,7,"319208"
"Automotive",2013,8,"329640"
"Automotive",2013,9,"280736"
"Automotive",2013,10,"292966"
"Automotive",2013,11,"281840"
"Automotive",2013,12,"294406"
"Fashion & Accessories",2013,1,"40126"
"Fashion & Accessories",2013,2,"45447"
"Fashion & Accessories",2013,3,"54735"
"Fashion & Accessories",2013,4,"50938"
"Fashion & Accessories",2013,5,"55049"
"Fashion & Accessories",2013,6,"50436"
"Fashion & Accessories",2013,7,"51022"
"Fashion & Accessories",2013,8,"56811"
"Fashion & Accessories",2013,9,"48164"
"Fashion & Accessories",2013,10,"52932"
"Fashion & Accessories",2013,11,"59847"
"Fashion & Accessories",2013,12,"82301"
"Food & Beverage",2013,1,"178191"
"Food & Beverage",2013,2,"169651"
"Food & Beverage",2013,3,"189320"
"Food & Beverage",2013,4,"175261"
"Food & Beverage",2013,5,"191717"
"Food & Beverage",2013,6,"185433"
"Food & Beverage",2013,7,"188446"
"Food & Beverage",2013,8,"191761"
"Food & Beverage",2013,9,"179042"
"Food & Beverage",2013,10,"186569"
"Food & Beverage",2013,11,"192755"
"Food & Beverage",2013,12,"205507"
"Fuel & Gasoline",2013,1,"46778"
"Fuel & Gasoline",2013,2,"46861"
"Fuel & Gasoline",2013,3,"51746"
"Fuel & Gasoline",2013,4,"49688"
"Fuel & Gasoline",2013,5,"51391"
"Fuel & Gasoline",2013,6,"50266"
"Fuel & Gasoline",2013,7,"51723"
"Fuel & Gasoline",2013,8,"51532"
"Fuel & Gasoline",2013,9,"48299"
"Fuel & Gasoline",2013,10,"49527"
"Fuel & Gasoline",2013,11,"46132"
"Fuel & Gasoline",2013,12,"48426"
"General Merchandise",2013,1,"108884"
"General Merchandise",2013,2,"113709"
"General Merchandise",2013,3,"128452"
"General Merchandise",2013,4,"117638"
"General Merchandise",2013,5,"129370"
"General Merchandise",2013,6,"125205"
"General Merchandise",2013,7,"121795"
"General Merchandise",2013,8,"129990"
"General Merchandise",2013,9,"117462"
"General Merchandise",2013,10,"124782"
"General Merchandise",2013,11,"143648"
"General Merchandise",2013,12,"178752"
"Health & Personal Care",2013,1,"43075"
"Health & Personal Care",2013,2,"39885"
"Health & Personal Care",2013,3,"43044"
"Health & Personal Care",2013,4,"41840"
"Health & Personal Care",2013,5,"43193"
"Health & Personal Care",2013,6,"40475"
"Health & Personal Care",2013,7,"42298"
"Health & Personal Care",2013,8,"42667"
"Health & Personal Care",2013,9,"41713"
"Health & Personal Care",2013,10,"44244"
"Health & Personal Care",2013,11,"42416"
"Health & Personal Care",2013,12,"48337"
"Home Goods & Building Supplies",2013,1,"38467"
"Home Goods & Building Supplies",2013,2,"37062"
"Home Goods & Building Supplies",2013,3,"45223"
"Home Goods & Building Supplies",2013,4,"55251"
"Home Goods & Building Supplies",2013,5,"61988"
"Home Goods & Building Supplies",2013,6,"53833"
"Home Goods & Building Supplies",2013,7,"53998"
"Home Goods & Building Supplies",2013,8,"51776"
"Home Goods & Building Supplies",2013,9,"48092"
"Home Goods & Building Supplies",2013,10,"51523"
"Home Goods & Building Supplies",2013,11,"47057"
"Home Goods & Building Supplies",2013,12,"43682"
"Home Goods & Electronics",2013,1,"77581"
"Home Goods & Electronics",2013,2,"74154"
"Home Goods & Electronics",2013,3,"78865"
"Home Goods & Electronics",2013,4,"74419"
"Home Goods & Electronics",2013,5,"78490"
"Home Goods & Electronics",2013,6,"75549"
"Home Goods & Electronics",2013,7,"78928"
"Home Goods & Electronics",2013,8,"82442"
"Home Goods & Electronics",2013,9,"77653"
"Home Goods & Electronics",2013,10,"80400"
"Home Goods & Electronics",2013,11,"93980"
"Home Goods & Electronics",2013,12,"114815"
"Miscellaneous",2013,1,"45683"
"Miscellaneous",2013,2,"42409"
"Miscellaneous",2013,3,"44944"
"Miscellaneous",2013,4,"43795"
"Miscellaneous",2013,5,"45530"
"Miscellaneous",2013,6,"41967"
"Miscellaneous",2013,7,"43463"
"Miscellaneous",2013,8,"45103"
"Miscellaneous",2013,9,"43151"
"Miscellaneous",2013,10,"46655"
"Miscellaneous",2013,11,"50464"
"Miscellaneous",2013,12,"64099"
"Office Supplies & Gifts",2013,1,"4996"
"Office Supplies & Gifts",2013,2,"4844"
"Office Supplies & Gifts",2013,3,"5064"
"Office Supplies & Gifts",2013,4,"4928"
"Office Supplies & Gifts",2013,5,"5408"
"Office Supplies & Gifts",2013,6,"5012"
"Office Supplies & Gifts",2013,7,"5570"
"Office Supplies & Gifts",2013,8,"6530"
"Office Supplies & Gifts",2013,9,"5466"
"Office Supplies & Gifts",2013,10,"6298"
"Office Supplies & Gifts",2013,11,"5428"
"Office Supplies & Gifts",2013,12,"6650"
"Restaurants & Bars",2013,1,"116432"
"Restaurants & Bars",2013,2,"115261"
"Restaurants & Bars",2013,3,"132509"
"Restaurants & Bars",2013,4,"125919"
"Restaurants & Bars",2013,5,"131729"
"Restaurants & Bars",2013,6,"126997"
"Restaurants & Bars",2013,7,"127417"
"Restaurants & Bars",2013,8,"130746"
"Restaurants & Bars",2013,9,"120106"
"Restaurants & Bars",2013,10,"126440"
"Restaurants & Bars",2013,11,"124966"
"Restaurants & Bars",2013,12,"129610"
"Sports & Recreation",2013,1,"12290"
"Sports & Recreation",2013,2,"10428"
"Sports & Recreation",2013,3,"12412"
"Sports & Recreation",2013,4,"11161"
"Sports & Recreation",2013,5,"11978"
"Sports & Recreation",2013,6,"12241"
"Sports & Recreation",2013,7,"12075"
"Sports & Recreation",2013,8,"14574"
"Sports & Recreation",2013,9,"11828"
"Sports & Recreation",2013,10,"11267"
"Sports & Recreation",2013,11,"14159"
"Sports & Recreation",2013,12,"21257"
"Automotive",2014,1,"263344"
"Automotive",2014,2,"280106"
"Automotive",2014,3,"338038"
"Automotive",2014,4,"326776"
"Automotive",2014,5,"346468"
"Automotive",2014,6,"321622"
"Automotive",2014,7,"339832"
"Automotive",2014,8,"347308"
"Automotive",2014,9,"311394"
"Automotive",2014,10,"315618"
"Automotive",2014,11,"297142"
"Automotive",2014,12,"327814"
"Fashion & Accessories",2014,1,"40184"
"Fashion & Accessories",2014,2,"45763"
"Fashion & Accessories",2014,3,"53409"
"Fashion & Accessories",2014,4,"54102"
"Fashion & Accessories",2014,5,"57156"
"Fashion & Accessories",2014,6,"50488"
"Fashion & Accessories",2014,7,"52750"
"Fashion & Accessories",2014,8,"57980"
"Fashion & Accessories",2014,9,"49650"
"Fashion & Accessories",2014,10,"54081"
"Fashion & Accessories",2014,11,"62937"
"Fashion & Accessories",2014,12,"85463"
"Food & Beverage",2014,1,"186545"
"Food & Beverage",2014,2,"174460"
"Food & Beverage",2014,3,"189997"
"Food & Beverage",2014,4,"188125"
"Food & Beverage",2014,5,"200941"
"Food & Beverage",2014,6,"191996"
"Food & Beverage",2014,7,"198145"
"Food & Beverage",2014,8,"199911"
"Food & Beverage",2014,9,"187639"
"Food & Beverage",2014,10,"197399"
"Food & Beverage",2014,11,"200907"
"Food & Beverage",2014,12,"215719"
"Fuel & Gasoline",2014,1,"49283"
"Fuel & Gasoline",2014,2,"46508"
"Fuel & Gasoline",2014,3,"51258"
"Fuel & Gasoline",2014,4,"50456"
"Fuel & Gasoline",2014,5,"52984"
"Fuel & Gasoline",2014,6,"50700"
"Fuel & Gasoline",2014,7,"51918"
"Fuel & Gasoline",2014,8,"51508"
"Fuel & Gasoline",2014,9,"48575"
"Fuel & Gasoline",2014,10,"49129"
"Fuel & Gasoline",2014,11,"44387"
"Fuel & Gasoline",2014,12,"41926"
"General Merchandise",2014,1,"110172"
"General Merchandise",2014,2,"114657"
"General Merchandise",2014,3,"126857"
"General Merchandise",2014,4,"124490"
"General Merchandise",2014,5,"134099"
"General Merchandise",2014,6,"126731"
"General Merchandise",2014,7,"126030"
"General Merchandise",2014,8,"134329"
"General Merchandise",2014,9,"119228"
"General Merchandise",2014,10,"128730"
"General Merchandise",2014,11,"147168"
"General Merchandise",2014,12,"182590"
"Health & Personal Care",2014,1,"44228"
"Health & Personal Care",2014,2,"41374"
"Health & Personal Care",2014,3,"44514"
"Health & Personal Care",2014,4,"44406"
"Health & Personal Care",2014,5,"45560"
"Health & Personal Care",2014,6,"44166"
"Health & Personal Care",2014,7,"44995"
"Health & Personal Care",2014,8,"44736"
"Health & Personal Care",2014,9,"44748"
"Health & Personal Care",2014,10,"46550"
"Health & Personal Care",2014,11,"43687"
"Health & Personal Care",2014,12,"52241"
"Home Goods & Building Supplies",2014,1,"39485"
"Home Goods & Building Supplies",2014,2,"37653"
"Home Goods & Building Supplies",2014,3,"47288"
"Home Goods & Building Supplies",2014,4,"57319"
"Home Goods & Building Supplies",2014,5,"63587"
"Home Goods & Building Supplies",2014,6,"58384"
"Home Goods & Building Supplies",2014,7,"56936"
"Home Goods & Building Supplies",2014,8,"52902"
"Home Goods & Building Supplies",2014,9,"52454"
"Home Goods & Building Supplies",2014,10,"54364"
"Home Goods & Building Supplies",2014,11,"49110"
"Home Goods & Building Supplies",2014,12,"47428"
"Home Goods & Electronics",2014,1,"76063"
"Home Goods & Electronics",2014,2,"74193"
"Home Goods & Electronics",2014,3,"81477"
"Home Goods & Electronics",2014,4,"77726"
"Home Goods & Electronics",2014,5,"81496"
"Home Goods & Electronics",2014,6,"79572"
"Home Goods & Electronics",2014,7,"82936"
"Home Goods & Electronics",2014,8,"84887"
"Home Goods & Electronics",2014,9,"84028"
"Home Goods & Electronics",2014,10,"85586"
"Home Goods & Electronics",2014,11,"98658"
"Home Goods & Electronics",2014,12,"125718"
"Miscellaneous",2014,1,"46668"
"Miscellaneous",2014,2,"44165"
"Miscellaneous",2014,3,"47801"
"Miscellaneous",2014,4,"46211"
"Miscellaneous",2014,5,"47801"
"Miscellaneous",2014,6,"46245"
"Miscellaneous",2014,7,"47197"
"Miscellaneous",2014,8,"47446"
"Miscellaneous",2014,9,"47690"
"Miscellaneous",2014,10,"50991"
"Miscellaneous",2014,11,"53492"
"Miscellaneous",2014,12,"69448"
"Office Supplies & Gifts",2014,1,"4952"
"Office Supplies & Gifts",2014,2,"4802"
"Office Supplies & Gifts",2014,3,"4900"
"Office Supplies & Gifts",2014,4,"4872"
"Office Supplies & Gifts",2014,5,"5106"
"Office Supplies & Gifts",2014,6,"4820"
"Office Supplies & Gifts",2014,7,"5418"
"Office Supplies & Gifts",2014,8,"6336"
"Office Supplies & Gifts",2014,9,"5536"
"Office Supplies & Gifts",2014,10,"6524"
"Office Supplies & Gifts",2014,11,"5078"
"Office Supplies & Gifts",2014,12,"7038"
"Restaurants & Bars",2014,1,"119718"
"Restaurants & Bars",2014,2,"119193"
"Restaurants & Bars",2014,3,"137728"
"Restaurants & Bars",2014,4,"132330"
"Restaurants & Bars",2014,5,"141709"
"Restaurants & Bars",2014,6,"133828"
"Restaurants & Bars",2014,7,"136363"
"Restaurants & Bars",2014,8,"140024"
"Restaurants & Bars",2014,9,"129660"
"Restaurants & Bars",2014,10,"138228"
"Restaurants & Bars",2014,11,"132105"
"Restaurants & Bars",2014,12,"142054"
"Sports & Recreation",2014,1,"11168"
"Sports & Recreation",2014,2,"9961"
"Sports & Recreation",2014,3,"11684"
"Sports & Recreation",2014,4,"11558"
"Sports & Recreation",2014,5,"12046"
"Sports & Recreation",2014,6,"12153"
"Sports & Recreation",2014,7,"12208"
"Sports & Recreation",2014,8,"15348"
"Sports & Recreation",2014,9,"12486"
"Sports & Recreation",2014,10,"11900"
"Sports & Recreation",2014,11,"14418"
"Sports & Recreation",2014,12,"22384"
"Automotive",2015,1,"295900"
"Automotive",2015,2,"299346"
"Automotive",2015,3,"361066"
"Automotive",2015,4,"349300"
"Automotive",2015,5,"363750"
"Automotive",2015,6,"351834"
"Automotive",2015,7,"365606"
"Automotive",2015,8,"368114"
"Automotive",2015,9,"340932"
"Automotive",2015,10,"339570"
"Automotive",2015,11,"317472"
"Automotive",2015,12,"352628"
"Fashion & Accessories",2015,1,"41877"
"Fashion & Accessories",2015,2,"47191"
"Fashion & Accessories",2015,3,"55270"
"Fashion & Accessories",2015,4,"54315"
"Fashion & Accessories",2015,5,"58782"
"Fashion & Accessories",2015,6,"52538"
"Fashion & Accessories",2015,7,"54844"
"Fashion & Accessories",2015,8,"59105"
"Fashion & Accessories",2015,9,"51198"
"Fashion & Accessories",2015,10,"55486"
"Fashion & Accessories",2015,11,"61807"
"Fashion & Accessories",2015,12,"87207"
"Food & Beverage",2015,1,"195910"
"Food & Beverage",2015,2,"181299"
"Food & Beverage",2015,3,"197228"
"Food & Beverage",2015,4,"192690"
"Food & Beverage",2015,5,"205950"
"Food & Beverage",2015,6,"196899"
"Food & Beverage",2015,7,"204547"
"Food & Beverage",2015,8,"201877"
"Food & Beverage",2015,9,"192466"
"Food & Beverage",2015,10,"200699"
"Food & Beverage",2015,11,"201226"
"Food & Beverage",2015,12,"219592"
"Fuel & Gasoline",2015,1,"38028"
"Fuel & Gasoline",2015,2,"37412"
"Fuel & Gasoline",2015,3,"41742"
"Fuel & Gasoline",2015,4,"40449"
"Fuel & Gasoline",2015,5,"44080"
"Fuel & Gasoline",2015,6,"44561"
"Fuel & Gasoline",2015,7,"45665"
"Fuel & Gasoline",2015,8,"43644"
"Fuel & Gasoline",2015,9,"39477"
"Fuel & Gasoline",2015,10,"40443"
"Fuel & Gasoline",2015,11,"36458"
"Fuel & Gasoline",2015,12,"36499"
"General Merchandise",2015,1,"115266"
"General Merchandise",2015,2,"115141"
"General Merchandise",2015,3,"128959"
"General Merchandise",2015,4,"123426"
"General Merchandise",2015,5,"135430"
"General Merchandise",2015,6,"127464"
"General Merchandise",2015,7,"128952"
"General Merchandise",2015,8,"133808"
"General Merchandise",2015,9,"121825"
"General Merchandise",2015,10,"131330"
"General Merchandise",2015,11,"146928"
"General Merchandise",2015,12,"184801"
"Health & Personal Care",2015,1,"46428"
"Health & Personal Care",2015,2,"43255"
"Health & Personal Care",2015,3,"48136"
"Health & Personal Care",2015,4,"46106"
"Health & Personal Care",2015,5,"45933"
"Health & Personal Care",2015,6,"46161"
"Health & Personal Care",2015,7,"46584"
"Health & Personal Care",2015,8,"46260"
"Health & Personal Care",2015,9,"47104"
"Health & Personal Care",2015,10,"48212"
"Health & Personal Care",2015,11,"46442"
"Health & Personal Care",2015,12,"54625"
"Home Goods & Building Supplies",2015,1,"41621"
"Home Goods & Building Supplies",2015,2,"39129"
"Home Goods & Building Supplies",2015,3,"51298"
"Home Goods & Building Supplies",2015,4,"59078"
"Home Goods & Building Supplies",2015,5,"62201"
"Home Goods & Building Supplies",2015,6,"60275"
"Home Goods & Building Supplies",2015,7,"59247"
"Home Goods & Building Supplies",2015,8,"54217"
"Home Goods & Building Supplies",2015,9,"53689"
"Home Goods & Building Supplies",2015,10,"55060"
"Home Goods & Building Supplies",2015,11,"51845"
"Home Goods & Building Supplies",2015,12,"51922"
"Home Goods & Electronics",2015,1,"82260"
"Home Goods & Electronics",2015,2,"78057"
"Home Goods & Electronics",2015,3,"86533"
"Home Goods & Electronics",2015,4,"82679"
"Home Goods & Electronics",2015,5,"85936"
"Home Goods & Electronics",2015,6,"86350"
"Home Goods & Electronics",2015,7,"88932"
"Home Goods & Electronics",2015,8,"89126"
"Home Goods & Electronics",2015,9,"88658"
"Home Goods & Electronics",2015,10,"89795"
"Home Goods & Electronics",2015,11,"103248"
"Home Goods & Electronics",2015,12,"129694"
"Miscellaneous",2015,1,"48784"
"Miscellaneous",2015,2,"47061"
"Miscellaneous",2015,3,"51743"
"Miscellaneous",2015,4,"49812"
"Miscellaneous",2015,5,"50221"
"Miscellaneous",2015,6,"50267"
"Miscellaneous",2015,7,"50951"
"Miscellaneous",2015,8,"50285"
"Miscellaneous",2015,9,"50460"
"Miscellaneous",2015,10,"52771"
"Miscellaneous",2015,11,"57417"
"Miscellaneous",2015,12,"73257"
"Office Supplies & Gifts",2015,1,"4922"
"Office Supplies & Gifts",2015,2,"4628"
"Office Supplies & Gifts",2015,3,"4768"
"Office Supplies & Gifts",2015,4,"4872"
"Office Supplies & Gifts",2015,5,"5066"
"Office Supplies & Gifts",2015,6,"4832"
"Office Supplies & Gifts",2015,7,"5250"
"Office Supplies & Gifts",2015,8,"5980"
"Office Supplies & Gifts",2015,9,"5338"
"Office Supplies & Gifts",2015,10,"6194"
"Office Supplies & Gifts",2015,11,"4940"
"Office Supplies & Gifts",2015,12,"7160"
"Restaurants & Bars",2015,1,"134333"
"Restaurants & Bars",2015,2,"129997"
"Restaurants & Bars",2015,3,"148867"
"Restaurants & Bars",2015,4,"145432"
"Restaurants & Bars",2015,5,"154739"
"Restaurants & Bars",2015,6,"145907"
"Restaurants & Bars",2015,7,"148991"
"Restaurants & Bars",2015,8,"148626"
"Restaurants & Bars",2015,9,"139618"
"Restaurants & Bars",2015,10,"148801"
"Restaurants & Bars",2015,11,"139284"
"Restaurants & Bars",2015,12,"152352"
"Sports & Recreation",2015,1,"11719"
"Sports & Recreation",2015,2,"10124"
"Sports & Recreation",2015,3,"12230"
"Sports & Recreation",2015,4,"11719"
"Sports & Recreation",2015,5,"12484"
"Sports & Recreation",2015,6,"12705"
"Sports & Recreation",2015,7,"12811"
"Sports & Recreation",2015,8,"15008"
"Sports & Recreation",2015,9,"12879"
"Sports & Recreation",2015,10,"12030"
"Sports & Recreation",2015,11,"14350"
"Sports & Recreation",2015,12,"23165"
"Automotive",2016,1,"302490"
"Automotive",2016,2,"336962"
"Automotive",2016,3,"375080"
"Automotive",2016,4,"361614"
"Automotive",2016,5,"365910"
"Automotive",2016,6,"363270"
"Automotive",2016,7,"370970"
"Automotive",2016,8,"388422"
"Automotive",2016,9,"356542"
"Automotive",2016,10,"347024"
"Automotive",2016,11,"338194"
"Automotive",2016,12,"380586"
"Fashion & Accessories",2016,1,"41718"
"Fashion & Accessories",2016,2,"49595"
"Fashion & Accessories",2016,3,"57214"
"Fashion & Accessories",2016,4,"54368"
"Fashion & Accessories",2016,5,"57464"
"Fashion & Accessories",2016,6,"53909"
"Fashion & Accessories",2016,7,"55124"
"Fashion & Accessories",2016,8,"59227"
"Fashion & Accessories",2016,9,"52962"
"Fashion & Accessories",2016,10,"55042"
"Fashion & Accessories",2016,11,"63309"
"Fashion & Accessories",2016,12,"90600"
"Food & Beverage",2016,1,"196579"
"Food & Beverage",2016,2,"188403"
"Food & Beverage",2016,3,"202098"
"Food & Beverage",2016,4,"195653"
"Food & Beverage",2016,5,"205592"
"Food & Beverage",2016,6,"202508"
"Food & Beverage",2016,7,"206923"
"Food & Beverage",2016,8,"203516"
"Food & Beverage",2016,9,"197297"
"Food & Beverage",2016,10,"204032"
"Food & Beverage",2016,11,"207532"
"Food & Beverage",2016,12,"229135"
"Fuel & Gasoline",2016,1,"34609"
"Fuel & Gasoline",2016,2,"32328"
"Fuel & Gasoline",2016,3,"36149"
"Fuel & Gasoline",2016,4,"37246"
"Fuel & Gasoline",2016,5,"40504"
"Fuel & Gasoline",2016,6,"41543"
"Fuel & Gasoline",2016,7,"41107"
"Fuel & Gasoline",2016,8,"40245"
"Fuel & Gasoline",2016,9,"39575"
"Fuel & Gasoline",2016,10,"41090"
"Fuel & Gasoline",2016,11,"38305"
"Fuel & Gasoline",2016,12,"40853"
"General Merchandise",2016,1,"114390"
"General Merchandise",2016,2,"119664"
"General Merchandise",2016,3,"131272"
"General Merchandise",2016,4,"124911"
"General Merchandise",2016,5,"131631"
"General Merchandise",2016,6,"129655"
"General Merchandise",2016,7,"129671"
"General Merchandise",2016,8,"131697"
"General Merchandise",2016,9,"121407"
"General Merchandise",2016,10,"129524"
"General Merchandise",2016,11,"144584"
"General Merchandise",2016,12,"182510"
"Health & Personal Care",2016,1,"47108"
"Health & Personal Care",2016,2,"47974"
"Health & Personal Care",2016,3,"50624"
"Health & Personal Care",2016,4,"48383"
"Health & Personal Care",2016,5,"49315"
"Health & Personal Care",2016,6,"48750"
"Health & Personal Care",2016,7,"47352"
"Health & Personal Care",2016,8,"49421"
"Health & Personal Care",2016,9,"47868"
"Health & Personal Care",2016,10,"47205"
"Health & Personal Care",2016,11,"47046"
"Health & Personal Care",2016,12,"53428"
"Home Goods & Building Supplies",2016,1,"42989"
"Home Goods & Building Supplies",2016,2,"45086"
"Home Goods & Building Supplies",2016,3,"56959"
"Home Goods & Building Supplies",2016,4,"60767"
"Home Goods & Building Supplies",2016,5,"64932"
"Home Goods & Building Supplies",2016,6,"64627"
"Home Goods & Building Supplies",2016,7,"58091"
"Home Goods & Building Supplies",2016,8,"57923"
"Home Goods & Building Supplies",2016,9,"55579"
"Home Goods & Building Supplies",2016,10,"54942"
"Home Goods & Building Supplies",2016,11,"54800"
"Home Goods & Building Supplies",2016,12,"51395"
"Home Goods & Electronics",2016,1,"83447"
"Home Goods & Electronics",2016,2,"84957"
"Home Goods & Electronics",2016,3,"92075"
"Home Goods & Electronics",2016,4,"85835"
"Home Goods & Electronics",2016,5,"90119"
"Home Goods & Electronics",2016,6,"90930"
"Home Goods & Electronics",2016,7,"90135"
"Home Goods & Electronics",2016,8,"95592"
"Home Goods & Electronics",2016,9,"92671"
"Home Goods & Electronics",2016,10,"90523"
"Home Goods & Electronics",2016,11,"108885"
"Home Goods & Electronics",2016,12,"131432"
"Miscellaneous",2016,1,"49875"
"Miscellaneous",2016,2,"50367"
"Miscellaneous",2016,3,"54940"
"Miscellaneous",2016,4,"52789"
"Miscellaneous",2016,5,"55515"
"Miscellaneous",2016,6,"54720"
"Miscellaneous",2016,7,"52628"
"Miscellaneous",2016,8,"55940"
"Miscellaneous",2016,9,"54640"
"Miscellaneous",2016,10,"56055"
"Miscellaneous",2016,11,"64431"
"Miscellaneous",2016,12,"79349"
"Office Supplies & Gifts",2016,1,"4522"
"Office Supplies & Gifts",2016,2,"4482"
"Office Supplies & Gifts",2016,3,"4760"
"Office Supplies & Gifts",2016,4,"4760"
"Office Supplies & Gifts",2016,5,"5056"
"Office Supplies & Gifts",2016,6,"4800"
"Office Supplies & Gifts",2016,7,"5052"
"Office Supplies & Gifts",2016,8,"5942"
"Office Supplies & Gifts",2016,9,"5250"
"Office Supplies & Gifts",2016,10,"5772"
"Office Supplies & Gifts",2016,11,"4858"
"Office Supplies & Gifts",2016,12,"6996"
"Restaurants & Bars",2016,1,"140086"
"Restaurants & Bars",2016,2,"143680"
"Restaurants & Bars",2016,3,"156200"
"Restaurants & Bars",2016,4,"156295"
"Restaurants & Bars",2016,5,"158557"
"Restaurants & Bars",2016,6,"152422"
"Restaurants & Bars",2016,7,"156980"
"Restaurants & Bars",2016,8,"154268"
"Restaurants & Bars",2016,9,"148954"
"Restaurants & Bars",2016,10,"153670"
"Restaurants & Bars",2016,11,"147622"
"Restaurants & Bars",2016,12,"160057"
"Sports & Recreation",2016,1,"12103"
"Sports & Recreation",2016,2,"10967"
"Sports & Recreation",2016,3,"13031"
"Sports & Recreation",2016,4,"12190"
"Sports & Recreation",2016,5,"12596"
"Sports & Recreation",2016,6,"13691"
"Sports & Recreation",2016,7,"13099"
"Sports & Recreation",2016,8,"14790"
"Sports & Recreation",2016,9,"12654"
"Sports & Recreation",2016,10,"11796"
"Sports & Recreation",2016,11,"14416"
"Sports & Recreation",2016,12,"21964"
"Automotive",2017,1,"319614"
"Automotive",2017,2,"334248"
"Automotive",2017,3,"394830"
"Automotive",2017,4,"359200"
"Automotive",2017,5,"390552"
"Automotive",2017,6,"378018"
"Automotive",2017,7,"379218"
"Automotive",2017,8,"389528"
"Automotive",2017,9,"372798"
"Automotive",2017,10,"363474"
"Automotive",2017,11,"354628"
"Automotive",2017,12,"376458"
"Fashion & Accessories",2017,1,"42197"
"Fashion & Accessories",2017,2,"47175"
"Fashion & Accessories",2017,3,"56606"
"Fashion & Accessories",2017,4,"56246"
"Fashion & Accessories",2017,5,"58097"
"Fashion & Accessories",2017,6,"54933"
"Fashion & Accessories",2017,7,"55200"
"Fashion & Accessories",2017,8,"59891"
"Fashion & Accessories",2017,9,"52773"
"Fashion & Accessories",2017,10,"54524"
"Fashion & Accessories",2017,11,"65373"
"Fashion & Accessories",2017,12,"88351"
"Food & Beverage",2017,1,"199718"
"Food & Beverage",2017,2,"188829"
"Food & Beverage",2017,3,"208838"
"Food & Beverage",2017,4,"206707"
"Food & Beverage",2017,5,"214044"
"Food & Beverage",2017,6,"209900"
"Food & Beverage",2017,7,"213050"
"Food & Beverage",2017,8,"213117"
"Food & Beverage",2017,9,"208010"
"Food & Beverage",2017,10,"210686"
"Food & Beverage",2017,11,"217266"
"Food & Beverage",2017,12,"239630"
"Fuel & Gasoline",2017,1,"39852"
"Fuel & Gasoline",2017,2,"37568"
"Fuel & Gasoline",2017,3,"42456"
"Fuel & Gasoline",2017,4,"41570"
"Fuel & Gasoline",2017,5,"43188"
"Fuel & Gasoline",2017,6,"42112"
"Fuel & Gasoline",2017,7,"41677"
"Fuel & Gasoline",2017,8,"43341"
"Fuel & Gasoline",2017,9,"43539"
"Fuel & Gasoline",2017,10,"44345"
"Fuel & Gasoline",2017,11,"43518"
"Fuel & Gasoline",2017,12,"44419"
"General Merchandise",2017,1,"114761"
"General Merchandise",2017,2,"114709"
"General Merchandise",2017,3,"129516"
"General Merchandise",2017,4,"129067"
"General Merchandise",2017,5,"131454"
"General Merchandise",2017,6,"131416"
"General Merchandise",2017,7,"130198"
"General Merchandise",2017,8,"134058"
"General Merchandise",2017,9,"125742"
"General Merchandise",2017,10,"130087"
"General Merchandise",2017,11,"148931"
"General Merchandise",2017,12,"185554"
"Health & Personal Care",2017,1,"47480"
"Health & Personal Care",2017,2,"45349"
"Health & Personal Care",2017,3,"50173"
"Health & Personal Care",2017,4,"47455"
"Health & Personal Care",2017,5,"50402"
"Health & Personal Care",2017,6,"49202"
"Health & Personal Care",2017,7,"47576"
"Health & Personal Care",2017,8,"50421"
"Health & Personal Care",2017,9,"48478"
"Health & Personal Care",2017,10,"51116"
"Health & Personal Care",2017,11,"50033"
"Health & Personal Care",2017,12,"55235"
"Home Goods & Building Supplies",2017,1,"45130"
"Home Goods & Building Supplies",2017,2,"44890"
"Home Goods & Building Supplies",2017,3,"57499"
"Home Goods & Building Supplies",2017,4,"60321"
"Home Goods & Building Supplies",2017,5,"68874"
"Home Goods & Building Supplies",2017,6,"65753"
"Home Goods & Building Supplies",2017,7,"59776"
"Home Goods & Building Supplies",2017,8,"60702"
"Home Goods & Building Supplies",2017,9,"58200"
"Home Goods & Building Supplies",2017,10,"59566"
"Home Goods & Building Supplies",2017,11,"58259"
"Home Goods & Building Supplies",2017,12,"53293"
"Home Goods & Electronics",2017,1,"88039"
"Home Goods & Electronics",2017,2,"84736"
"Home Goods & Electronics",2017,3,"96067"
"Home Goods & Electronics",2017,4,"87591"
"Home Goods & Electronics",2017,5,"95349"
"Home Goods & Electronics",2017,6,"94129"
"Home Goods & Electronics",2017,7,"92473"
"Home Goods & Electronics",2017,8,"98279"
"Home Goods & Electronics",2017,9,"93782"
"Home Goods & Electronics",2017,10,"95470"
"Home Goods & Electronics",2017,11,"117536"
"Home Goods & Electronics",2017,12,"137237"
"Miscellaneous",2017,1,"55705"
"Miscellaneous",2017,2,"53154"
"Miscellaneous",2017,3,"60927"
"Miscellaneous",2017,4,"56481"
"Miscellaneous",2017,5,"61943"
"Miscellaneous",2017,6,"59603"
"Miscellaneous",2017,7,"58044"
"Miscellaneous",2017,8,"61721"
"Miscellaneous",2017,9,"58474"
"Miscellaneous",2017,10,"61820"
"Miscellaneous",2017,11,"73368"
"Miscellaneous",2017,12,"86875"
"Office Supplies & Gifts",2017,1,"4390"
"Office Supplies & Gifts",2017,2,"4116"
"Office Supplies & Gifts",2017,3,"4580"
"Office Supplies & Gifts",2017,4,"4406"
"Office Supplies & Gifts",2017,5,"4894"
"Office Supplies & Gifts",2017,6,"4752"
"Office Supplies & Gifts",2017,7,"4916"
"Office Supplies & Gifts",2017,8,"5748"
"Office Supplies & Gifts",2017,9,"4990"
"Office Supplies & Gifts",2017,10,"5798"
"Office Supplies & Gifts",2017,11,"4842"
"Office Supplies & Gifts",2017,12,"6690"
"Restaurants & Bars",2017,1,"147898"
"Restaurants & Bars",2017,2,"146641"
"Restaurants & Bars",2017,3,"167447"
"Restaurants & Bars",2017,4,"162473"
"Restaurants & Bars",2017,5,"167293"
"Restaurants & Bars",2017,6,"164074"
"Restaurants & Bars",2017,7,"164242"
"Restaurants & Bars",2017,8,"163746"
"Restaurants & Bars",2017,9,"157371"
"Restaurants & Bars",2017,10,"160410"
"Restaurants & Bars",2017,11,"154067"
"Restaurants & Bars",2017,12,"170779"
"Sports & Recreation",2017,1,"11729"
"Sports & Recreation",2017,2,"10447"
"Sports & Recreation",2017,3,"12468"
"Sports & Recreation",2017,4,"11994"
"Sports & Recreation",2017,5,"12388"
"Sports & Recreation",2017,6,"12707"
"Sports & Recreation",2017,7,"12266"
"Sports & Recreation",2017,8,"14492"
"Sports & Recreation",2017,9,"12613"
"Sports & Recreation",2017,10,"11831"
"Sports & Recreation",2017,11,"14663"
"Sports & Recreation",2017,12,"20739"
"Automotive",2018,1,"330016"
"Automotive",2018,2,"334688"
"Automotive",2018,3,"408294"
"Automotive",2018,4,"367340"
"Automotive",2018,5,"403558"
"Automotive",2018,6,"386556"
"Automotive",2018,7,"384446"
"Automotive",2018,8,"402332"
"Automotive",2018,9,"356988"
"Automotive",2018,10,"368794"
"Automotive",2018,11,"356294"
"Automotive",2018,12,"381946"
"Fashion & Accessories",2018,1,"41853"
"Fashion & Accessories",2018,2,"48252"
"Fashion & Accessories",2018,3,"59021"
"Fashion & Accessories",2018,4,"54302"
"Fashion & Accessories",2018,5,"62582"
"Fashion & Accessories",2018,6,"56733"
"Fashion & Accessories",2018,7,"57762"
"Fashion & Accessories",2018,8,"61115"
"Fashion & Accessories",2018,9,"52793"
"Fashion & Accessories",2018,10,"56761"
"Fashion & Accessories",2018,11,"68007"
"Fashion & Accessories",2018,12,"88845"
"Food & Beverage",2018,1,"207412"
"Food & Beverage",2018,2,"195112"
"Food & Beverage",2018,3,"221119"
"Food & Beverage",2018,4,"205341"
"Food & Beverage",2018,5,"223402"
"Food & Beverage",2018,6,"217290"
"Food & Beverage",2018,7,"218825"
"Food & Beverage",2018,8,"220917"
"Food & Beverage",2018,9,"210998"
"Food & Beverage",2018,10,"216642"
"Food & Beverage",2018,11,"224829"
"Food & Beverage",2018,12,"241316"
"Fuel & Gasoline",2018,1,"44842"
"Fuel & Gasoline",2018,2,"40753"
"Fuel & Gasoline",2018,3,"45861"
"Fuel & Gasoline",2018,4,"45503"
"Fuel & Gasoline",2018,5,"49791"
"Fuel & Gasoline",2018,6,"48712"
"Fuel & Gasoline",2018,7,"49133"
"Fuel & Gasoline",2018,8,"50085"
"Fuel & Gasoline",2018,9,"46657"
"Fuel & Gasoline",2018,10,"50212"
"Fuel & Gasoline",2018,11,"45639"
"Fuel & Gasoline",2018,12,"42350"
"General Merchandise",2018,1,"115651"
"General Merchandise",2018,2,"116629"
"General Merchandise",2018,3,"135846"
"General Merchandise",2018,4,"124011"
"General Merchandise",2018,5,"139354"
"General Merchandise",2018,6,"133528"
"General Merchandise",2018,7,"131837"
"General Merchandise",2018,8,"138377"
"General Merchandise",2018,9,"126049"
"General Merchandise",2018,10,"132772"
"General Merchandise",2018,11,"156350"
"General Merchandise",2018,12,"184177"
"Health & Personal Care",2018,1,"51238"
"Health & Personal Care",2018,2,"47004"
"Health & Personal Care",2018,3,"51817"
"Health & Personal Care",2018,4,"49683"
"Health & Personal Care",2018,5,"53032"
"Health & Personal Care",2018,6,"50246"
"Health & Personal Care",2018,7,"50285"
"Health & Personal Care",2018,8,"52852"
"Health & Personal Care",2018,9,"48993"
"Health & Personal Care",2018,10,"54065"
"Health & Personal Care",2018,11,"52547"
"Health & Personal Care",2018,12,"55650"
"Home Goods & Building Supplies",2018,1,"47500"
"Home Goods & Building Supplies",2018,2,"47093"
"Home Goods & Building Supplies",2018,3,"58989"
"Home Goods & Building Supplies",2018,4,"63105"
"Home Goods & Building Supplies",2018,5,"74505"
"Home Goods & Building Supplies",2018,6,"69571"
"Home Goods & Building Supplies",2018,7,"66642"
"Home Goods & Building Supplies",2018,8,"64616"
"Home Goods & Building Supplies",2018,9,"58930"
"Home Goods & Building Supplies",2018,10,"64912"
"Home Goods & Building Supplies",2018,11,"59868"
"Home Goods & Building Supplies",2018,12,"54872"
"Home Goods & Electronics",2018,1,"93959"
"Home Goods & Electronics",2018,2,"89790"
"Home Goods & Electronics",2018,3,"101872"
"Home Goods & Electronics",2018,4,"95724"
"Home Goods & Electronics",2018,5,"103193"
"Home Goods & Electronics",2018,6,"99833"
"Home Goods & Electronics",2018,7,"101358"
"Home Goods & Electronics",2018,8,"106112"
"Home Goods & Electronics",2018,9,"98524"
"Home Goods & Electronics",2018,10,"104341"
"Home Goods & Electronics",2018,11,"124570"
"Home Goods & Electronics",2018,12,"133951"
"Miscellaneous",2018,1,"63879"
"Miscellaneous",2018,2,"59332"
"Miscellaneous",2018,3,"66586"
"Miscellaneous",2018,4,"64105"
"Miscellaneous",2018,5,"69457"
"Miscellaneous",2018,6,"64468"
"Miscellaneous",2018,7,"65402"
"Miscellaneous",2018,8,"68151"
"Miscellaneous",2018,9,"63080"
"Miscellaneous",2018,10,"70688"
"Miscellaneous",2018,11,"81061"
"Miscellaneous",2018,12,"85134"
"Office Supplies & Gifts",2018,1,"4294"
"Office Supplies & Gifts",2018,2,"4150"
"Office Supplies & Gifts",2018,3,"4630"
"Office Supplies & Gifts",2018,4,"4392"
"Office Supplies & Gifts",2018,5,"4944"
"Office Supplies & Gifts",2018,6,"4810"
"Office Supplies & Gifts",2018,7,"5194"
"Office Supplies & Gifts",2018,8,"5944"
"Office Supplies & Gifts",2018,9,"5004"
"Office Supplies & Gifts",2018,10,"6200"
"Office Supplies & Gifts",2018,11,"4992"
"Office Supplies & Gifts",2018,12,"6078"
"Restaurants & Bars",2018,1,"152322"
"Restaurants & Bars",2018,2,"152034"
"Restaurants & Bars",2018,3,"174282"
"Restaurants & Bars",2018,4,"164805"
"Restaurants & Bars",2018,5,"176045"
"Restaurants & Bars",2018,6,"175997"
"Restaurants & Bars",2018,7,"176396"
"Restaurants & Bars",2018,8,"177850"
"Restaurants & Bars",2018,9,"162947"
"Restaurants & Bars",2018,10,"167516"
"Restaurants & Bars",2018,11,"160973"
"Restaurants & Bars",2018,12,"173170"
"Sports & Recreation",2018,1,"11098"
"Sports & Recreation",2018,2,"10525"
"Sports & Recreation",2018,3,"13161"
"Sports & Recreation",2018,4,"11786"
"Sports & Recreation",2018,5,"12632"
"Sports & Recreation",2018,6,"12715"
"Sports & Recreation",2018,7,"11797"
"Sports & Recreation",2018,8,"13648"
"Sports & Recreation",2018,9,"11210"
"Sports & Recreation",2018,10,"11093"
"Sports & Recreation",2018,11,"13561"
"Sports & Recreation",2018,12,"17476"
"Automotive",2019,1,"329164"
"Automotive",2019,2,"335628"
"Automotive",2019,3,"411614"
"Automotive",2019,4,"383028"
"Automotive",2019,5,"414218"
"Automotive",2019,6,"387080"
"Automotive",2019,7,"404848"
"Automotive",2019,8,"426178"
"Automotive",2019,9,"369572"
"Automotive",2019,10,"384366"
"Automotive",2019,11,"375498"
"Automotive",2019,12,"385392"
"Fashion & Accessories",2019,1,"43036"
"Fashion & Accessories",2019,2,"47097"
"Fashion & Accessories",2019,3,"58709"
"Fashion & Accessories",2019,4,"57216"
"Fashion & Accessories",2019,5,"61211"
"Fashion & Accessories",2019,6,"56388"
"Fashion & Accessories",2019,7,"57785"
"Fashion & Accessories",2019,8,"62903"
"Fashion & Accessories",2019,9,"51981"
"Fashion & Accessories",2019,10,"57329"
"Fashion & Accessories",2019,11,"67474"
"Fashion & Accessories",2019,12,"91811"
"Food & Beverage",2019,1,"216562"
"Food & Beverage",2019,2,"197467"
"Food & Beverage",2019,3,"222184"
"Food & Beverage",2019,4,"216865"
"Food & Beverage",2019,5,"231242"
"Food & Beverage",2019,6,"224362"
"Food & Beverage",2019,7,"229596"
"Food & Beverage",2019,8,"232771"
"Food & Beverage",2019,9,"214970"
"Food & Beverage",2019,10,"224383"
"Food & Beverage",2019,11,"232854"
"Food & Beverage",2019,12,"246358"
"Fuel & Gasoline",2019,1,"41220"
"Fuel & Gasoline",2019,2,"39623"
"Fuel & Gasoline",2019,3,"45944"
"Fuel & Gasoline",2019,4,"47014"
"Fuel & Gasoline",2019,5,"49708"
"Fuel & Gasoline",2019,6,"46770"
"Fuel & Gasoline",2019,7,"48349"
"Fuel & Gasoline",2019,8,"48019"
"Fuel & Gasoline",2019,9,"44880"
"Fuel & Gasoline",2019,10,"47079"
"Fuel & Gasoline",2019,11,"44827"
"Fuel & Gasoline",2019,12,"45072"
"General Merchandise",2019,1,"117817"
"General Merchandise",2019,2,"115852"
"General Merchandise",2019,3,"134576"
"General Merchandise",2019,4,"130770"
"General Merchandise",2019,5,"140082"
"General Merchandise",2019,6,"134986"
"General Merchandise",2019,7,"135167"
"General Merchandise",2019,8,"142140"
"General Merchandise",2019,9,"125153"
"General Merchandise",2019,10,"134437"
"General Merchandise",2019,11,"153764"
"General Merchandise",2019,12,"183324"
"Health & Personal Care",2019,1,"52988"
"Health & Personal Care",2019,2,"49324"
"Health & Personal Care",2019,3,"52604"
"Health & Personal Care",2019,4,"52418"
"Health & Personal Care",2019,5,"54362"
"Health & Personal Care",2019,6,"50589"
"Health & Personal Care",2019,7,"51862"
"Health & Personal Care",2019,8,"52382"
"Health & Personal Care",2019,9,"49951"
"Health & Personal Care",2019,10,"54554"
"Health & Personal Care",2019,11,"50790"
"Health & Personal Care",2019,12,"56843"
"Home Goods & Building Supplies",2019,1,"53305"
"Home Goods & Building Supplies",2019,2,"48094"
"Home Goods & Building Supplies",2019,3,"59424"
"Home Goods & Building Supplies",2019,4,"67050"
"Home Goods & Building Supplies",2019,5,"73734"
"Home Goods & Building Supplies",2019,6,"66755"
"Home Goods & Building Supplies",2019,7,"67585"
"Home Goods & Building Supplies",2019,8,"65221"
"Home Goods & Building Supplies",2019,9,"60202"
"Home Goods & Building Supplies",2019,10,"65142"
"Home Goods & Building Supplies",2019,11,"59310"
"Home Goods & Building Supplies",2019,12,"56758"
"Home Goods & Electronics",2019,1,"98644"
"Home Goods & Electronics",2019,2,"92987"
"Home Goods & Electronics",2019,3,"103121"
"Home Goods & Electronics",2019,4,"101492"
"Home Goods & Electronics",2019,5,"109529"
"Home Goods & Electronics",2019,6,"103650"
"Home Goods & Electronics",2019,7,"109177"
"Home Goods & Electronics",2019,8,"111198"
"Home Goods & Electronics",2019,9,"105307"
"Home Goods & Electronics",2019,10,"111380"
"Home Goods & Electronics",2019,11,"126558"
"Home Goods & Electronics",2019,12,"149395"
"Miscellaneous",2019,1,"68001"
"Miscellaneous",2019,2,"63575"
"Miscellaneous",2019,3,"68646"
"Miscellaneous",2019,4,"70043"
"Miscellaneous",2019,5,"75707"
"Miscellaneous",2019,6,"70226"
"Miscellaneous",2019,7,"73914"
"Miscellaneous",2019,8,"74313"
"Miscellaneous",2019,9,"70318"
"Miscellaneous",2019,10,"78402"
"Miscellaneous",2019,11,"83888"
"Miscellaneous",2019,12,"102233"
"Office Supplies & Gifts",2019,1,"4058"
"Office Supplies & Gifts",2019,2,"3858"
"Office Supplies & Gifts",2019,3,"4282"
"Office Supplies & Gifts",2019,4,"4308"
"Office Supplies & Gifts",2019,5,"4968"
"Office Supplies & Gifts",2019,6,"4700"
"Office Supplies & Gifts",2019,7,"5174"
"Office Supplies & Gifts",2019,8,"5548"
"Office Supplies & Gifts",2019,9,"4648"
"Office Supplies & Gifts",2019,10,"5702"
"Office Supplies & Gifts",2019,11,"4564"
"Office Supplies & Gifts",2019,12,"5938"
"Restaurants & Bars",2019,1,"156659"
"Restaurants & Bars",2019,2,"156296"
"Restaurants & Bars",2019,3,"181927"
"Restaurants & Bars",2019,4,"174195"
"Restaurants & Bars",2019,5,"186482"
"Restaurants & Bars",2019,6,"183475"
"Restaurants & Bars",2019,7,"184530"
"Restaurants & Bars",2019,8,"188137"
"Restaurants & Bars",2019,9,"172818"
"Restaurants & Bars",2019,10,"179292"
"Restaurants & Bars",2019,11,"174048"
"Restaurants & Bars",2019,12,"184085"
"Sports & Recreation",2019,1,"10475"
"Sports & Recreation",2019,2,"9701"
"Sports & Recreation",2019,3,"11805"
"Sports & Recreation",2019,4,"11623"
"Sports & Recreation",2019,5,"12158"
"Sports & Recreation",2019,6,"12494"
"Sports & Recreation",2019,7,"12413"
"Sports & Recreation",2019,8,"14213"
"Sports & Recreation",2019,9,"11708"
"Sports & Recreation",2019,10,"11860"
"Sports & Recreation",2019,11,"13737"
"Sports & Recreation",2019,12,"18134"
"Automotive",2020,1,"342994"
"Automotive",2020,2,"358432"
"Automotive",2020,3,"295174"
"Automotive",2020,4,"245248"
"Automotive",2020,5,"380186"
"Automotive",2020,6,"402878"
"Automotive",2020,7,"413128"
"Automotive",2020,8,"413998"
"Automotive",2020,9,"405586"
"Automotive",2020,10,"411928"
"Automotive",2020,11,"371776"
"Automotive",2020,12,"421624"
"Fashion & Accessories",2020,1,"44513"
"Fashion & Accessories",2020,2,"50250"
"Fashion & Accessories",2020,3,"28590"
"Fashion & Accessories",2020,4,"7021"
"Fashion & Accessories",2020,5,"22199"
"Fashion & Accessories",2020,6,"42510"
"Fashion & Accessories",2020,7,"45870"
"Fashion & Accessories",2020,8,"48725"
"Fashion & Accessories",2020,9,"48103"
"Fashion & Accessories",2020,10,"51371"
"Fashion & Accessories",2020,11,"54331"
"Fashion & Accessories",2020,12,"79678"
"Food & Beverage",2020,1,"220422"
"Food & Beverage",2020,2,"212286"
"Food & Beverage",2020,3,"275728"
"Food & Beverage",2020,4,"240652"
"Food & Beverage",2020,5,"258983"
"Food & Beverage",2020,6,"242287"
"Food & Beverage",2020,7,"251984"
"Food & Beverage",2020,8,"244174"
"Food & Beverage",2020,9,"233148"
"Food & Beverage",2020,10,"242935"
"Food & Beverage",2020,11,"246075"
"Food & Beverage",2020,12,"263557"
"Fuel & Gasoline",2020,1,"43734"
"Fuel & Gasoline",2020,2,"40317"
"Fuel & Gasoline",2020,3,"37053"
"Fuel & Gasoline",2020,4,"28694"
"Fuel & Gasoline",2020,5,"33629"
"Fuel & Gasoline",2020,6,"37708"
"Fuel & Gasoline",2020,7,"40271"
"Fuel & Gasoline",2020,8,"40134"
"Fuel & Gasoline",2020,9,"38880"
"Fuel & Gasoline",2020,10,"40163"
"Fuel & Gasoline",2020,11,"36692"
"Fuel & Gasoline",2020,12,"40041"
"General Merchandise",2020,1,"119476"
"General Merchandise",2020,2,"122644"
"General Merchandise",2020,3,"141465"
"General Merchandise",2020,4,"121610"
"General Merchandise",2020,5,"142724"
"General Merchandise",2020,6,"136619"
"General Merchandise",2020,7,"138554"
"General Merchandise",2020,8,"139580"
"General Merchandise",2020,9,"131290"
"General Merchandise",2020,10,"141354"
"General Merchandise",2020,11,"152821"
"General Merchandise",2020,12,"176478"
"Health & Personal Care",2020,1,"53570"
"Health & Personal Care",2020,2,"51078"
"Health & Personal Care",2020,3,"57977"
"Health & Personal Care",2020,4,"49542"
"Health & Personal Care",2020,5,"49864"
"Health & Personal Care",2020,6,"52944"
"Health & Personal Care",2020,7,"55030"
"Health & Personal Care",2020,8,"53690"
"Health & Personal Care",2020,9,"54706"
"Health & Personal Care",2020,10,"57053"
"Health & Personal Care",2020,11,"52899"
"Health & Personal Care",2020,12,"61690"
"Home Goods & Building Supplies",2020,1,"53634"
"Home Goods & Building Supplies",2020,2,"52070"
"Home Goods & Building Supplies",2020,3,"63446"
"Home Goods & Building Supplies",2020,4,"69538"
"Home Goods & Building Supplies",2020,5,"82736"
"Home Goods & Building Supplies",2020,6,"82793"
"Home Goods & Building Supplies",2020,7,"78287"
"Home Goods & Building Supplies",2020,8,"73158"
"Home Goods & Building Supplies",2020,9,"73280"
"Home Goods & Building Supplies",2020,10,"74246"
"Home Goods & Building Supplies",2020,11,"68537"
"Home Goods & Building Supplies",2020,12,"68125"
"Home Goods & Electronics",2020,1,"106037"
"Home Goods & Electronics",2020,2,"102566"
"Home Goods & Electronics",2020,3,"103654"
"Home Goods & Electronics",2020,4,"90299"
"Home Goods & Electronics",2020,5,"110664"
"Home Goods & Electronics",2020,6,"121923"
"Home Goods & Electronics",2020,7,"129412"
"Home Goods & Electronics",2020,8,"131440"
"Home Goods & Electronics",2020,9,"128439"
"Home Goods & Electronics",2020,10,"127565"
"Home Goods & Electronics",2020,11,"142567"
"Home Goods & Electronics",2020,12,"162046"
"Miscellaneous",2020,1,"74795"
"Miscellaneous",2020,2,"72225"
"Miscellaneous",2020,3,"78951"
"Miscellaneous",2020,4,"82619"
"Miscellaneous",2020,5,"92418"
"Miscellaneous",2020,6,"92530"
"Miscellaneous",2020,7,"96709"
"Miscellaneous",2020,8,"96154"
"Miscellaneous",2020,9,"94332"
"Miscellaneous",2020,10,"101779"
"Miscellaneous",2020,11,"111010"
"Miscellaneous",2020,12,"127814"
"Office Supplies & Gifts",2020,1,"4124"
"Office Supplies & Gifts",2020,2,"3966"
"Office Supplies & Gifts",2020,3,"3350"
"Office Supplies & Gifts",2020,4,"1686"
"Office Supplies & Gifts",2020,5,"2548"
"Office Supplies & Gifts",2020,6,"3456"
"Office Supplies & Gifts",2020,7,"4280"
"Office Supplies & Gifts",2020,8,"4660"
"Office Supplies & Gifts",2020,9,"4570"
"Office Supplies & Gifts",2020,10,"5580"
"Office Supplies & Gifts",2020,11,"4040"
"Office Supplies & Gifts",2020,12,"5458"
"Restaurants & Bars",2020,1,"172604"
"Restaurants & Bars",2020,2,"147734"
"Restaurants & Bars",2020,3,"116614"
"Restaurants & Bars",2020,4,"79367"
"Restaurants & Bars",2020,5,"111209"
"Restaurants & Bars",2020,6,"132283"
"Restaurants & Bars",2020,7,"140021"
"Restaurants & Bars",2020,8,"143521"
"Restaurants & Bars",2020,9,"138780"
"Restaurants & Bars",2020,10,"145420"
"Restaurants & Bars",2020,11,"129944"
"Restaurants & Bars",2020,12,"132802"
"Sports & Recreation",2020,1,"10827"
"Sports & Recreation",2020,2,"10328"
"Sports & Recreation",2020,3,"9823"
"Sports & Recreation",2020,4,"6514"
"Sports & Recreation",2020,5,"11882"
"Sports & Recreation",2020,6,"15743"
"Sports & Recreation",2020,7,"14956"
"Sports & Recreation",2020,8,"15241"
"Sports & Recreation",2020,9,"14429"
"Sports & Recreation",2020,10,"14102"
"Sports & Recreation",2020,11,"15512"
"Sports & Recreation",2020,12,"21096"
"Automotive",2021,1,"375492"
"Automotive",2021,2,"369166"
"Automotive",2021,3,"524244"
"Automotive",2021,4,"512810"
"Automotive",2021,5,"508814"
"Automotive",2021,6,"486902"
"Automotive",2021,7,"476584"
"Automotive",2021,8,"455964"
"Automotive",2021,9,"438496"
"Automotive",2021,10,"443780"
"Automotive",2021,11,"428848"
"Automotive",2021,12,"454888"
"Fashion & Accessories",2021,1,"39845"
"Fashion & Accessories",2021,2,"41234"
"Fashion & Accessories",2021,3,"57888"
"Fashion & Accessories",2021,4,"56779"
"Fashion & Accessories",2021,5,"61864"
"Fashion & Accessories",2021,6,"59803"
"Fashion & Accessories",2021,7,"61506"
"Fashion & Accessories",2021,8,"60633"
"Fashion & Accessories",2021,9,"54328"
"Fashion & Accessories",2021,10,"58715"
"Fashion & Accessories",2021,11,"69375"
"Fashion & Accessories",2021,12,"89019"
"Food & Beverage",2021,1,"242272"
"Food & Beverage",2021,2,"220636"
"Food & Beverage",2021,3,"249777"
"Food & Beverage",2021,4,"242941"
"Food & Beverage",2021,5,"258321"
"Food & Beverage",2021,6,"252681"
"Food & Beverage",2021,7,"261117"
"Food & Beverage",2021,8,"258877"
"Food & Beverage",2021,9,"251293"
"Food & Beverage",2021,10,"264045"
"Food & Beverage",2021,11,"265663"
"Food & Beverage",2021,12,"288802"
"Fuel & Gasoline",2021,1,"40991"
"Fuel & Gasoline",2021,2,"40369"
"Fuel & Gasoline",2021,3,"49659"
"Fuel & Gasoline",2021,4,"49494"
"Fuel & Gasoline",2021,5,"51956"
"Fuel & Gasoline",2021,6,"52977"
"Fuel & Gasoline",2021,7,"55046"
"Fuel & Gasoline",2021,8,"54843"
"Fuel & Gasoline",2021,9,"54267"
"Fuel & Gasoline",2021,10,"57563"
"Fuel & Gasoline",2021,11,"55983"
"Fuel & Gasoline",2021,12,"56244"
"General Merchandise",2021,1,"131980"
"General Merchandise",2021,2,"120423"
"General Merchandise",2021,3,"156595"
"General Merchandise",2021,4,"146896"
"General Merchandise",2021,5,"155623"
"General Merchandise",2021,6,"150172"
"General Merchandise",2021,7,"152465"
"General Merchandise",2021,8,"154497"
"General Merchandise",2021,9,"143653"
"General Merchandise",2021,10,"157599"
"General Merchandise",2021,11,"170336"
"General Merchandise",2021,12,"197630"
"Health & Personal Care",2021,1,"54206"
"Health & Personal Care",2021,2,"50792"
"Health & Personal Care",2021,3,"61113"
"Health & Personal Care",2021,4,"58681"
"Health & Personal Care",2021,5,"57520"
"Health & Personal Care",2021,6,"59638"
"Health & Personal Care",2021,7,"58599"
"Health & Personal Care",2021,8,"59648"
"Health & Personal Care",2021,9,"58765"
"Health & Personal Care",2021,10,"59829"
"Health & Personal Care",2021,11,"59216"
"Health & Personal Care",2021,12,"67476"
"Home Goods & Building Supplies",2021,1,"61346"
"Home Goods & Building Supplies",2021,2,"58047"
"Home Goods & Building Supplies",2021,3,"84546"
"Home Goods & Building Supplies",2021,4,"90865"
"Home Goods & Building Supplies",2021,5,"90886"
"Home Goods & Building Supplies",2021,6,"89031"
"Home Goods & Building Supplies",2021,7,"82139"
"Home Goods & Building Supplies",2021,8,"79145"
"Home Goods & Building Supplies",2021,9,"77611"
"Home Goods & Building Supplies",2021,10,"78482"
"Home Goods & Building Supplies",2021,11,"78754"
"Home Goods & Building Supplies",2021,12,"75965"
"Home Goods & Electronics",2021,1,"124471"
"Home Goods & Electronics",2021,2,"115588"
"Home Goods & Electronics",2021,3,"141634"
"Home Goods & Electronics",2021,4,"138516"
"Home Goods & Electronics",2021,5,"136818"
"Home Goods & Electronics",2021,6,"138869"
"Home Goods & Electronics",2021,7,"134871"
"Home Goods & Electronics",2021,8,"140543"
"Home Goods & Electronics",2021,9,"135440"
"Home Goods & Electronics",2021,10,"143165"
"Home Goods & Electronics",2021,11,"163870"
"Home Goods & Electronics",2021,12,"177078"
"Miscellaneous",2021,1,"97828"
"Miscellaneous",2021,2,"92396"
"Miscellaneous",2021,3,"110624"
"Miscellaneous",2021,4,"110125"
"Miscellaneous",2021,5,"107641"
"Miscellaneous",2021,6,"109604"
"Miscellaneous",2021,7,"104850"
"Miscellaneous",2021,8,"110474"
"Miscellaneous",2021,9,"106433"
"Miscellaneous",2021,10,"115031"
"Miscellaneous",2021,11,"131365"
"Miscellaneous",2021,12,"141766"
"Office Supplies & Gifts",2021,1,"3646"
"Office Supplies & Gifts",2021,2,"3458"
"Office Supplies & Gifts",2021,3,"4404"
"Office Supplies & Gifts",2021,4,"4408"
"Office Supplies & Gifts",2021,5,"4580"
"Office Supplies & Gifts",2021,6,"4968"
"Office Supplies & Gifts",2021,7,"5278"
"Office Supplies & Gifts",2021,8,"5662"
"Office Supplies & Gifts",2021,9,"5514"
"Office Supplies & Gifts",2021,10,"6256"
"Office Supplies & Gifts",2021,11,"4800"
"Office Supplies & Gifts",2021,12,"6292"
"Restaurants & Bars",2021,1,"135118"
"Restaurants & Bars",2021,2,"127702"
"Restaurants & Bars",2021,3,"164144"
"Restaurants & Bars",2021,4,"168842"
"Restaurants & Bars",2021,5,"180641"
"Restaurants & Bars",2021,6,"180788"
"Restaurants & Bars",2021,7,"190060"
"Restaurants & Bars",2021,8,"183718"
"Restaurants & Bars",2021,9,"174966"
"Restaurants & Bars",2021,10,"183363"
"Restaurants & Bars",2021,11,"172019"
"Restaurants & Bars",2021,12,"182290"
"Sports & Recreation",2021,1,"13654"
"Sports & Recreation",2021,2,"11856"
"Sports & Recreation",2021,3,"17812"
"Sports & Recreation",2021,4,"16769"
"Sports & Recreation",2021,5,"16597"
"Sports & Recreation",2021,6,"17370"
"Sports & Recreation",2021,7,"17130"
"Sports & Recreation",2021,8,"18129"
"Sports & Recreation",2021,9,"16268"
"Sports & Recreation",2021,10,"16302"
"Sports & Recreation",2021,11,"19179"
"Sports & Recreation",2021,12,"24619"
"Automotive",2022,1,"420473"
"Automotive",2022,2,"431998"
"Automotive",2022,3,"514582"
"Automotive",2022,4,"504116"
"Automotive",2022,5,"483482"
"Automotive",2022,6,"484120"
"Automotive",2022,7,"466716"
"Automotive",2022,8,"499292"
"Automotive",2022,9,"460062"
"Automotive",2022,10,"467212"
"Automotive",2022,11,"435198"
"Automotive",2022,12,"456984"
"Fashion & Accessories",2022,1,"43132"
"Fashion & Accessories",2022,2,"47380"
"Fashion & Accessories",2022,3,"61368"
"Fashion & Accessories",2022,4,"61909"
"Fashion & Accessories",2022,5,"63937"
"Fashion & Accessories",2022,6,"60119"
"Fashion & Accessories",2022,7,"61013"
"Fashion & Accessories",2022,8,"63526"
"Fashion & Accessories",2022,9,"57793"
"Fashion & Accessories",2022,10,"61211"
"Fashion & Accessories",2022,11,"71202"
"Fashion & Accessories",2022,12,"94215"
"Food & Beverage",2022,1,"258680"
"Food & Beverage",2022,2,"237025"
"Food & Beverage",2022,3,"265046"
"Food & Beverage",2022,4,"262005"
"Food & Beverage",2022,5,"273685"
"Food & Beverage",2022,6,"274357"
"Food & Beverage",2022,7,"280402"
"Food & Beverage",2022,8,"276374"
"Food & Beverage",2022,9,"269106"
"Food & Beverage",2022,10,"280213"
"Food & Beverage",2022,11,"286528"
"Food & Beverage",2022,12,"309791"
"Fuel & Gasoline",2022,1,"54577"
"Fuel & Gasoline",2022,2,"54946"
"Fuel & Gasoline",2022,3,"69421"
"Fuel & Gasoline",2022,4,"68329"
"Fuel & Gasoline",2022,5,"76375"
"Fuel & Gasoline",2022,6,"78548"
"Fuel & Gasoline",2022,7,"76632"
"Fuel & Gasoline",2022,8,"70877"
"Fuel & Gasoline",2022,9,"64796"
"Fuel & Gasoline",2022,10,"68748"
"Fuel & Gasoline",2022,11,"63481"
"Fuel & Gasoline",2022,12,"59680"
"General Merchandise",2022,1,"137312"
"General Merchandise",2022,2,"128995"
"General Merchandise",2022,3,"153921"
"General Merchandise",2022,4,"150017"
"General Merchandise",2022,5,"157734"
"General Merchandise",2022,6,"158015"
"General Merchandise",2022,7,"158005"
"General Merchandise",2022,8,"159146"
"General Merchandise",2022,9,"151533"
"General Merchandise",2022,10,"160735"
"General Merchandise",2022,11,"175083"
"General Merchandise",2022,12,"205535"
"Health & Personal Care",2022,1,"59521"
"Health & Personal Care",2022,2,"54794"
"Health & Personal Care",2022,3,"61227"
"Health & Personal Care",2022,4,"59207"
"Health & Personal Care",2022,5,"60110"
"Health & Personal Care",2022,6,"60979"
"Health & Personal Care",2022,7,"59343"
"Health & Personal Care",2022,8,"61857"
"Health & Personal Care",2022,9,"60992"
"Health & Personal Care",2022,10,"62332"
"Health & Personal Care",2022,11,"61168"
"Health & Personal Care",2022,12,"66936"
"Home Goods & Building Supplies",2022,1,"67320"
"Home Goods & Building Supplies",2022,2,"66719"
"Home Goods & Building Supplies",2022,3,"87957"
"Home Goods & Building Supplies",2022,4,"90606"
"Home Goods & Building Supplies",2022,5,"98467"
"Home Goods & Building Supplies",2022,6,"95528"
"Home Goods & Building Supplies",2022,7,"86833"
"Home Goods & Building Supplies",2022,8,"90200"
"Home Goods & Building Supplies",2022,9,"85079"
"Home Goods & Building Supplies",2022,10,"85477"
"Home Goods & Building Supplies",2022,11,"80506"
"Home Goods & Building Supplies",2022,12,"76921"
"Home Goods & Electronics",2022,1,"134145"
"Home Goods & Electronics",2022,2,"128734"
"Home Goods & Electronics",2022,3,"143806"
"Home Goods & Electronics",2022,4,"144677"
"Home Goods & Electronics",2022,5,"148132"
"Home Goods & Electronics",2022,6,"142807"
"Home Goods & Electronics",2022,7,"145018"
"Home Goods & Electronics",2022,8,"151026"
"Home Goods & Electronics",2022,9,"143420"
"Home Goods & Electronics",2022,10,"148417"
"Home Goods & Electronics",2022,11,"170295"
"Home Goods & Electronics",2022,12,"181735"
"Miscellaneous",2022,1,"112763"
"Miscellaneous",2022,2,"107418"
"Miscellaneous",2022,3,"118130"
"Miscellaneous",2022,4,"120088"
"Miscellaneous",2022,5,"125297"
"Miscellaneous",2022,6,"120473"
"Miscellaneous",2022,7,"121201"
"Miscellaneous",2022,8,"126388"
"Miscellaneous",2022,9,"119763"
"Miscellaneous",2022,10,"126603"
"Miscellaneous",2022,11,"142822"
"Miscellaneous",2022,12,"153297"
"Office Supplies & Gifts",2022,1,"3742"
"Office Supplies & Gifts",2022,2,"3882"
"Office Supplies & Gifts",2022,3,"4740"
"Office Supplies & Gifts",2022,4,"4686"
"Office Supplies & Gifts",2022,5,"5252"
"Office Supplies & Gifts",2022,6,"5206"
"Office Supplies & Gifts",2022,7,"5690"
"Office Supplies & Gifts",2022,8,"6318"
"Office Supplies & Gifts",2022,9,"5810"
"Office Supplies & Gifts",2022,10,"7006"
"Office Supplies & Gifts",2022,11,"4852"
"Office Supplies & Gifts",2022,12,"6834"
"Restaurants & Bars",2022,1,"163200"
"Restaurants & Bars",2022,2,"167656"
"Restaurants & Bars",2022,3,"195256"
"Restaurants & Bars",2022,4,"199183"
"Restaurants & Bars",2022,5,"207795"
"Restaurants & Bars",2022,6,"203222"
"Restaurants & Bars",2022,7,"207842"
"Restaurants & Bars",2022,8,"206523"
"Restaurants & Bars",2022,9,"198784"
"Restaurants & Bars",2022,10,"206298"
"Restaurants & Bars",2022,11,"191206"
"Restaurants & Bars",2022,12,"206033"
"Sports & Recreation",2022,1,"13827"
"Sports & Recreation",2022,2,"13564"
"Sports & Recreation",2022,3,"16696"
"Sports & Recreation",2022,4,"16684"
"Sports & Recreation",2022,5,"16915"
"Sports & Recreation",2022,6,"17825"
"Sports & Recreation",2022,7,"17625"
"Sports & Recreation",2022,8,"19491"
"Sports & Recreation",2022,9,"17114"
"Sports & Recreation",2022,10,"16831"
"Sports & Recreation",2022,11,"19633"
"Sports & Recreation",2022,12,"25734"
